Job Name	                                   More Info
Corporate Sales Executive	https://internshala.com/job/details/corporate-sales-executive-job-in-delhi-at-fall-for-flora1717056409
Business Development Manager	https://internshala.com/job/details/business-development-manager-job-in-navi-mumbai-at-cognovus-communications-llp1716905012
Education Counsellor (Female)	https://internshala.com/job/details/fresher-education-counsellor-female-job-in-ahmedabad-at-demmisto-technologies-pvt-ltd1718021783
Microfinance Loan Officer (Field Sales)	https://internshala.com/job/details/fresher-microfinance-loan-officer-field-sales-job-in-multiple-locations-at-freecharge1717159943
Business Development Executive	https://internshala.com/job/details/business-development-executive-job-in-noida-at-is-it-legal-sid1717071961
Influencer Marketing	https://internshala.com/job/detail/fresher-influencer-marketing-job-in-delhi-at-ayurveda-house-private-limited1718013244
Associate Telecaller (Female Only)	https://internshala.com/job/details/fresher-associate-telecaller-job-in-delhi-at-srg-finance1715273509
Performance Marketing Executive	https://internshala.com/job/details/performance-marketing-executive-job-in-mumbai-at-raino-digi-media1716540580
English Teacher - WFH	https://internshala.com/job/detail/remote-part-time-english-teacher-wfh-job-at-planetspark1717583850
Graduate Engineer Trainee (Operations) - Women	https://internshala.com/job/detail/fresher-graduate-engineer-trainee-job-in-hosur-at-ather-energy1715057798
YouTube Content Creator	https://internshala.com/job/detail/remote-youtube-content-creator-job-at-pearl-lemon1718195438
Human Resources (HR) Executive	https://internshala.com/job/details/human-resources-hr-executive-job-in-bangalore-at-one-root1718195402
Business Development Associate	https://internshala.com/job/details/business-development-associate-job-in-pune-at-rera-easy1718192008
Associate Content Writer	https://internshala.com/job/detail/associate-content-writer-job-in-delhi-at-tnw-international-private-limited1718191860
Educational Counselor	https://internshala.com/job/details/fresher-educational-counselor-job-in-noida-at-brihat-infotech-private-limited1718193588
Customer Service Specialist	https://internshala.com/job/detail/customer-service-specialist-job-in-gurgaon-at-culture-circle1718194677
Photo/Video Editor	https://internshala.com/job/detail/photo-video-editor-job-in-multiple-locations-at-astro-arun-pandit1718194743
Graphic Designer	https://internshala.com/job/details/graphic-designer-job-in-delhi-at-uboard-india-limited1718193857
Social Media Strategist	https://internshala.com/job/details/social-media-strategist-job-in-multiple-locations-at-astro-arun-pandit1718193640
Business Development Executive	https://internshala.com/job/details/fresher-business-development-executive-job-in-mumbai-at-uniacco1718193539
Business Development Associate	https://internshala.com/job/details/fresher-business-development-associate-job-in-multiple-locations-at-uniacco1718194812
Data Analyst	https://internshala.com/job/details/data-analyst-job-in-gurgaon-at-gocomet1718194041
Business Development Executive	https://internshala.com/job/details/fresher-business-development-executive-job-in-mumbai-at-think-technology-services1718188369
Corporate Sales Executive	https://internshala.com/job/details/corporate-sales-executive-job-in-multiple-locations-at-aurafox-solutions-private-limited1718194275
Junior Motion Graphics Associate	https://internshala.com/job/detail/fresher-junior-motion-graphics-associate-job-in-mumbai-at-lakavish-nutratech-pvt-ltd1718190351
Creative Studio Set Designer	https://internshala.com/job/details/creative-studio-set-designer-job-in-multiple-locations-at-mhlondon1718191504
Senior Photographer	https://internshala.com/job/detail/senior-photographer-job-in-multiple-locations-at-mhlondon1718190475
Corporate Sales Executive	https://internshala.com/job/details/fresher-corporate-sales-executive-job-in-multiple-locations-at-infokey-technology-private-limited1718190367
Feet On Street Real Estate Agent	https://internshala.com/job/details/feet-on-street-real-estate-agent-job-in-noida-at-vasudev-edifice-private-limited1718189133
Human Resources (HR) Executive	https://internshala.com/job/details/human-resources-hr-executive-job-in-delhi-at-tnw-international-private-limited1718191193
Jr Graphic Designer	https://internshala.com/job/details/fresher-jr-graphic-designer-job-in-hyderabad-at-ib-cricket1718190563
Executive - Product Operations (Mobile Apps)	https://internshala.com/job/details/fresher-executive-product-operations-mobile-apps-job-in-noida-at-hungama-digital-media-entertainment-private-limited1718188353
Content Writer	https://internshala.com/job/detail/remote-content-writer-job-at-pearl-lemon1718194096
Course Advisor/Students Counsellor	https://internshala.com/job/detail/course-advisor-students-counsellor-job-in-delhi-at-edubiz-networks1718185947
Tele Collecting Officer	https://internshala.com/job/details/tele-collecting-officer-job-in-mumbai-at-sync-recruitment1717669077
Quality Engineer	https://internshala.com/job/details/remote-part-time-quality-engineer-job-at-bezt-labs1718194063
Program Advisor (B2C Sales)	https://internshala.com/job/details/program-advisor-b2c-sales-job-in-mumbai-at-expertrons1718186753
Junior Executive - International E-Commerce Operations	https://internshala.com/job/details/junior-executive-international-e-commerce-operations-job-in-noida-at-mhlondon1718186383
Fundraising Officer	https://internshala.com/job/detail/fresher-fundraising-officer-job-in-bangalore-at-avaari1718186052
Corporate Sales Manager	https://internshala.com/job/detail/fresher-corporate-sales-manager-job-in-zirakpur-at-dugri-infratech-private-limited1718181902
Business Development (Sales)	https://internshala.com/job/details/fresher-business-development-sales-job-in-mumbai-at-uniacco1716871983
English Trainer	https://internshala.com/job/detail/fresher-english-trainer-job-in-multiple-locations-at-ignis-careers-private-limited1718181937
Business Development Associate (Inside Sales)	https://internshala.com/job/details/fresher-business-development-associate-inside-sales-job-in-delhi-at-uniacco1716208050
Customer Service Associate	https://internshala.com/job/detail/fresher-customer-service-associate-job-in-chennai-at-assetplus-valueplus-technologies-private-limited1718182064
Corporate Sales Executive	https://internshala.com/job/details/fresher-corporate-sales-executive-job-in-multiple-locations-at-uniacco1715861654
Corporate Sales Executive	https://internshala.com/job/details/fresher-corporate-sales-executive-job-in-multiple-locations-at-uniacco1715750357
Store Manager	https://internshala.com/job/detail/store-manager-job-in-delhi-at-culture-circle1718182343
Content Writer	https://internshala.com/job/details/content-writer-job-in-mumbai-at-uniacco1716280646
Study Abroad Education Counsellor	https://internshala.com/job/detail/study-abroad-education-counsellor-job-in-mumbai-at-catking-educare1718179006
Corporate Sales Executive	https://internshala.com/job/details/fresher-corporate-sales-executive-job-in-gurgaon-at-exquisite-employee-manifest1718179424
